<?xml version="1.0" encoding="UTF-8"?>
<project-private xmlns="http://www.netbeans.org/ns/project-private/1">
    <editor-bookmarks xmlns="http://www.netbeans.org/ns/editor-bookmarks/2" lastBookmarkId="0"/>
    <open-files xmlns="http://www.netbeans.org/ns/projectui-open-files/2">
        <group>
            <file>file:/D:/Git/V05/Project_E-Learning/V05.0.0-Course_detail/web/Login.jsp</file>
            <file>file:/D:/Git/V05/Project_E-Learning/V05.0.0-Course_detail/web/menu.jsp</file>
            <file>file:/D:/Git/V05/Project_E-Learning/V05.0.0-Course_detail/web/vnpay_pay.jsp</file>
            <file>file:/D:/Git/V05/Project_E-Learning/V05.0.0-Course_detail/web/index.jsp</file>
            <file>file:/D:/Git/V05/Project_E-Learning/V05.0.0-Course_detail/src/java/Payment/Config.java</file>
            <file>file:/D:/Git/V05/Project_E-Learning/V05.0.0-Course_detail/src/java/Controller/joinServlet.java</file>
            <file>file:/D:/Git/V05/Project_E-Learning/V05.0.0-Course_detail/web/student-take-course.html</file>
            <file>file:/D:/Git/V05/Project_E-Learning/V05.0.0-Course_detail/web/Courses.jsp</file>
            <file>file:/D:/Git/V05/Project_E-Learning/V05.0.0-Course_detail/web/Profile.jsp</file>
            <file>file:/D:/Git/V05/Project_E-Learning/V05.0.0-Course_detail/nbproject/build-impl.xml</file>
            <file>file:/D:/Git/V05/Project_E-Learning/V05.0.0-Course_detail/web/mentee_my_lesson.jsp</file>
            <file>file:/D:/Git/V05/Project_E-Learning/V05.0.0-Course_detail/web/detail.jsp</file>
        </group>
    </open-files>
</project-private>
